{
    "loss": 16.900699615478516,
    "accuracy": 0.4838709533214569
}