{
    "loss": 8.305795669555664,
    "accuracy": 0.71875
}