{
    "loss": 7.997978687286377,
    "accuracy": 0.8333333134651184
}