{
    "loss": 8.007121086120605,
    "accuracy": 0.8199999928474426
}